product_sku;associated_product_sku;association_type
79148743;79362008;association_marque_compatible
79395732;79416847;accessoires
79395732;79416848;accessoires
79395732;79393985;accessoires_oem
79395732;79394020;accessoires_oem
79395732;79394021;accessoires_oem
79395732;79394022;accessoires_oem
79395732;79409108;accessoires_oem
79395733;79416847;accessoires
79395733;79416848;accessoires
79395733;79394020;accessoires_oem
79395733;79394021;accessoires_oem
79395733;79394022;accessoires_oem
79395734;79416847;accessoires
79395734;79416848;accessoires
79395734;79393985;accessoires_oem
79395734;79394019;accessoires_oem
79395734;79394020;accessoires_oem
79395734;79394021;accessoires_oem
79395734;79394022;accessoires_oem
79395734;79409108;accessoires_oem
79395735;79373232;accessoires
79395735;79373233;accessoires
79395735;79390238;accessoires
79395735;79390239;accessoires
79395735;79414396;accessoires
79395735;79418853;accessoires
79395735;79354202;accessoires_oem
79395735;79354203;accessoires_oem
79395735;79354204;accessoires_oem
79395735;79354205;accessoires_oem
79395735;79386283;accessoires_oem
79395735;79393986;accessoires_oem
79395735;79409109;accessoires_oem
79395735;79425582;accessoires_oem
79427336;79364800;accessoires
79427336;79409274;accessoires
79427336;79409275;accessoires
79427336;79415164;accessoires
79427336;79415165;accessoires
79427336;79415183;accessoires
79427336;79415185;accessoires
79427336;79415187;accessoires
79427336;79415189;accessoires
79427336;79415207;accessoires
79427336;79415208;accessoires
79427336;79415240;accessoires
79427336;79415241;accessoires
79427336;79415242;accessoires
79427336;79415243;accessoires
79427336;79415244;accessoires
79427336;79415245;accessoires
79427336;79415246;accessoires
79427336;79415247;accessoires
79427336;79415248;accessoires
79427336;79415249;accessoires
79427336;79415250;accessoires
79427336;79415251;accessoires
79427336;79415252;accessoires
79427336;79415253;accessoires
79427336;79415262;accessoires
79427336;79415263;accessoires
79427336;79415267;accessoires
79427336;79415268;accessoires
79427336;79415269;accessoires
79427336;79415270;accessoires
79427336;79415271;accessoires
79427336;79415277;accessoires
79427336;79415278;accessoires
79427336;79415281;accessoires
79427336;79415282;accessoires
79427336;79415286;accessoires
79427336;79415288;accessoires
79427336;79415289;accessoires
79427336;79415290;accessoires
79427336;79415294;accessoires
79427336;79415296;accessoires
79427336;79415298;accessoires
79427336;79415299;accessoires
79427336;79415304;accessoires
79427336;79415305;accessoires
79427336;79415306;accessoires
79427336;79415307;accessoires
79427336;79415308;accessoires
79427336;79415317;accessoires
79427336;79415318;accessoires
79427336;79415319;accessoires
79427336;79415320;accessoires
79427336;79415323;accessoires
79427336;79415339;accessoires
79427336;79415340;accessoires
79427336;79415341;accessoires
79427336;79415346;accessoires
79427336;79415347;accessoires
79427336;79415349;accessoires
79427336;79415350;accessoires
79427336;79415351;accessoires
79427336;79415359;accessoires
79427336;79415360;accessoires
79427336;79415663;accessoires
79427336;79416864;accessoires
79427336;79416865;accessoires
79427336;79416866;accessoires
79427336;79416867;accessoires
79427336;79416868;accessoires
79427336;79416869;accessoires
79427336;79416870;accessoires
79427336;79416871;accessoires
79427336;79416872;accessoires
79427336;79416873;accessoires
79427336;79416874;accessoires
79427336;79416875;accessoires
79427336;79416876;accessoires
79427336;79416877;accessoires
79427336;79416878;accessoires
79427336;79416879;accessoires
79427336;79416880;accessoires
79427336;79416881;accessoires
79427336;79416882;accessoires
79427336;79416883;accessoires
79427336;79416884;accessoires
79427336;79416885;accessoires
79427336;79416886;accessoires
79427336;79416887;accessoires
79427336;79416888;accessoires
79427336;79416889;accessoires
79427336;79416890;accessoires
79427336;79416891;accessoires
79427336;79416893;accessoires
79427336;79416894;accessoires
79427336;79416895;accessoires
79427336;79416896;accessoires
79427336;79416897;accessoires
79427336;79416928;accessoires
79427336;79416929;accessoires
79427336;79417722;accessoires
79427336;79418572;accessoires
79427336;79418573;accessoires
79427336;79418580;accessoires
79427336;79418581;accessoires
79427336;79418596;accessoires
79427336;79418617;accessoires
79427336;79418618;accessoires
79427336;79418619;accessoires
79427336;79418620;accessoires
79427336;79418621;accessoires
79427336;79418622;accessoires
79427336;79418633;accessoires
79427336;79418640;accessoires
79427336;79418645;accessoires
79427336;79418802;accessoires
79427336;79418803;accessoires
79427336;79421395;accessoires
79427336;79423363;accessoires
79427336;79423367;accessoires
79427336;79423368;accessoires
79427336;79423369;accessoires
79427336;79423370;accessoires
79427336;79423371;accessoires
79427336;79423372;accessoires
79427336;79423373;accessoires
79427336;79423377;accessoires
79427336;79423392;accessoires
79427336;79423394;accessoires
79427336;79423399;accessoires
79427336;79428203;accessoires
79427336;79428204;accessoires
79427336;79428208;accessoires
79427336;79429260;accessoires
79427336;79433253;accessoires
79427336;79433670;accessoires
79427336;79433671;accessoires
79427336;79436524;accessoires
79427336;79436525;accessoires
79427336;79436549;accessoires
79427336;79436550;accessoires
79427336;79436648;accessoires
79427336;79436658;accessoires
79427336;79436659;accessoires
79427336;79436660;accessoires
79427336;79436667;accessoires
79427336;79436671;accessoires
79427336;79438375;accessoires
79427336;79440376;accessoires
79427336;79440377;accessoires
79427336;79440378;accessoires
79427336;79440379;accessoires
79427336;79444542;accessoires
79427336;79444544;accessoires
79427336;79444972;accessoires
79427336;79444973;accessoires
79427336;79444982;accessoires
79427336;79444998;accessoires
79427336;400000311;accessoires
79427336;400000312;accessoires
79427336;400000313;accessoires
79427336;400003932;accessoires
79427336;400003933;accessoires
79427336;400003934;accessoires
79427336;400004083;accessoires
79427336;400004402;accessoires
79427336;400004403;accessoires
79427336;400004404;accessoires
79427336;400004405;accessoires
79427336;400004943;accessoires
79427336;400004944;accessoires
79427336;400004945;accessoires
79427336;400004947;accessoires
79427336;400004948;accessoires
79427336;400004951;accessoires
79427336;400004959;accessoires
79427336;400004975;accessoires
79427336;400008467;accessoires
79427336;400008592;accessoires
79427336;400008826;accessoires
79427336;400008827;accessoires
79427336;400008835;accessoires
79427336;400009624;accessoires
79427336;400009626;accessoires
79427336;400009627;accessoires
79427336;400009629;accessoires
79427336;400013487;accessoires
79427336;400013493;accessoires
79427336;400013707;accessoires
79427336;400013708;accessoires
79427336;400013709;accessoires
79427336;400013762;accessoires
79427336;400013763;accessoires
79427336;400013764;accessoires
79427336;400013765;accessoires
79427336;400013766;accessoires
79427336;400014065;accessoires
79427336;405112095;accessoires
79427336;405112096;accessoires
79427336;405112102;accessoires
79427336;405112103;accessoires
79427336;79373245;accessoires_oem
79427336;79382355;accessoires_oem
79427336;79382356;accessoires_oem
79427336;79386453;accessoires_oem
79427336;79444911;accessoires_oem
79427336;79444912;accessoires_oem
79427336;400004755;accessoires_oem
79427336;400013785;accessoires_oem
79149507;79433094;association_marque_compatible
79393961;79418934;association_marque_compatible
79393964;79398600;association_marque_compatible
79393964;79403580;association_marque_compatible
79393964;79418919;association_marque_compatible
79393965;79398601;association_marque_compatible
79393965;79403581;association_marque_compatible
79393965;79418920;association_marque_compatible
79393974;79418944;association_marque_compatible
79429648;79423937;accessoires
79429648;79423954;accessoires
79429648;79425004;accessoires
79429648;79425005;accessoires
79429648;79425010;accessoires
79429648;79436557;accessoires
79429649;79423937;accessoires
79429649;79423954;accessoires
79429649;79425004;accessoires
79429649;79425005;accessoires
79429649;79425010;accessoires
79429649;79436557;accessoires
79394028;1081;accessoires_oem
79394028;10361;accessoires_oem
79394028;79383281;accessoires_oem
79394028;79425159;accessoires_oem
79394029;1081;accessoires_oem
79394029;10361;accessoires_oem
79394029;79383281;accessoires_oem
79394029;79425159;accessoires_oem
79394034;79401419;association_marque_compatible
79394034;79417366;association_marque_compatible
79394034;79434437;association_marque_compatible
79391589;79373177;accessoires
79391589;79376281;accessoires
79391589;79376285;accessoires
79391589;79377574;accessoires
79391589;79377575;accessoires
79391589;79382357;accessoires
79391589;79382691;accessoires
79391589;79384671;accessoires
79391589;79384756;accessoires
79391589;79384757;accessoires
79391589;79384760;accessoires
79391589;79384761;accessoires
79391589;79384762;accessoires
79391589;79384763;accessoires
79391589;79384764;accessoires
79391589;79384934;accessoires
79391589;79384937;accessoires
79391589;79386088;accessoires
79391589;79389341;accessoires
79391589;79393284;accessoires
79391589;79393285;accessoires
79391589;79393286;accessoires
79391589;79393287;accessoires
79391589;79381117;accessoires_oem
79391589;79396147;accessoires_oem
79391589;79396148;accessoires_oem
79391589;79407542;accessoires_oem
79391589;79407543;accessoires_oem
79391590;79388802;accessoires
79391590;79388803;accessoires
79391590;79388804;accessoires
79394061;79418944;accessoires
79394061;79393970;accessoires_oem
79394061;79393971;accessoires_oem
79394061;79393972;accessoires_oem
79394061;79393973;accessoires_oem
79394061;79393974;accessoires_oem
79394061;79394010;accessoires_oem
79394061;79394011;accessoires_oem
79394062;79401406;accessoires
79394062;79401407;accessoires
79394062;79401408;accessoires
79394062;79401409;accessoires
79394062;79401411;accessoires
79394062;79407787;accessoires
79394062;79407788;accessoires
79394062;79423519;accessoires
79394062;79423520;accessoires
79394062;79423521;accessoires
79394062;79423522;accessoires
79394062;79393975;accessoires_oem
79394062;79393976;accessoires_oem
79394062;79393977;accessoires_oem
79394062;79393978;accessoires_oem
79394062;79393979;accessoires_oem
79394062;79393980;accessoires_oem
79394062;79393981;accessoires_oem
79394062;79393982;accessoires_oem
79394062;79394013;accessoires_oem
79394062;79394078;accessoires_oem
79394066;79401392;accessoires
79394066;79393984;accessoires_oem
79394066;79394012;accessoires_oem
79394068;79401392;accessoires
79394068;79393984;accessoires_oem
79394068;79394012;accessoires_oem
79394071;79401392;accessoires
79394071;79393984;accessoires_oem
79394071;79394012;accessoires_oem
79394075;221;accessoires
79394075;79428154;accessoires
79394075;79428155;accessoires
79394075;79428156;accessoires
79394075;221;accessoires_oem
79394075;2116;accessoires_oem
79394075;9121;accessoires_oem
79394075;9621;accessoires_oem
79394075;12431;accessoires_oem
79394075;22251;accessoires_oem
79394075;24118;accessoires_oem
79394075;79360914;accessoires_oem
79394075;79360915;accessoires_oem
79394075;79360916;accessoires_oem
79394075;79360917;accessoires_oem
79394075;79360918;accessoires_oem
79394075;79360919;accessoires_oem
79394075;79360920;accessoires_oem
79394075;79360921;accessoires_oem
79394075;79360922;accessoires_oem
79394075;79360923;accessoires_oem
79394075;79360924;accessoires_oem
79394075;79360925;accessoires_oem
79394075;79360926;accessoires_oem
79394075;79360927;accessoires_oem
79394075;79360928;accessoires_oem
79394075;79360929;accessoires_oem
79394075;79360930;accessoires_oem
79394075;79360931;accessoires_oem
79394075;79360932;accessoires_oem
79394075;79360933;accessoires_oem
79394075;79360934;accessoires_oem
79394075;79360935;accessoires_oem
79394075;79360936;accessoires_oem
79394075;79360937;accessoires_oem
79394075;79360938;accessoires_oem
79394075;79360939;accessoires_oem
79394075;79361032;accessoires_oem
79394075;79362068;accessoires_oem
79394075;79362069;accessoires_oem
79394075;79363105;accessoires_oem
79394075;79363675;accessoires_oem
79394075;79363676;accessoires_oem
79394075;79388320;accessoires_oem
79394075;79388322;accessoires_oem
79394075;79388323;accessoires_oem
79394075;79388324;accessoires_oem
79394075;79388325;accessoires_oem
79394076;79401405;accessoires
79394076;79401406;accessoires
79394076;79401407;accessoires
79394076;79401408;accessoires
79394076;79401409;accessoires
79394076;79401410;accessoires
79394076;79401411;accessoires
79394076;79401414;accessoires
79394076;79423519;accessoires
79394076;79423520;accessoires
79394076;79423521;accessoires
79394076;79423522;accessoires
79394076;79393975;accessoires_oem
79394076;79393976;accessoires_oem
79394076;79393977;accessoires_oem
79394076;79393978;accessoires_oem
79394076;79393980;accessoires_oem
79394076;79393981;accessoires_oem
79394076;79393982;accessoires_oem
79394076;79394078;accessoires_oem
79394076;79396509;accessoires_oem
79394076;79396510;accessoires_oem
79418905;79404372;association_marque_compatible
79418927;79391263;association_marque_compatible
79418931;79393958;association_marque_compatible
79418932;79393959;association_marque_compatible
79418933;79393960;association_marque_compatible
79365626;79380635;accessoires
79365626;79410595;accessoires
79374016;79398763;association_marque_compatible
79374016;79410736;association_marque_compatible
79374017;79388986;accessoires
79374017;79390020;accessoires
79374017;79397329;accessoires
79374017;79412485;accessoires
79374017;79412486;accessoires
79374017;79414397;accessoires
79374017;79364286;accessoires_oem
79374017;79364288;accessoires_oem
79374017;79364289;accessoires_oem
79374017;79364290;accessoires_oem
56578;79361967;association_marque_compatible
56578;79372648;association_marque_compatible
56578;79434280;association_marque_compatible
108775;79361984;association_marque_compatible
108775;79372673;association_marque_compatible
108775;79444899;association_marque_compatible
79431089;79394046;association_marque_compatible
44140;79359318;association_marque_compatible
44140;400003079;association_marque_compatible
44240;400003090;association_marque_compatible
79423757;79437592;accessoires
79423757;79437596;accessoires
79423757;79437600;accessoires
79423757;79437604;accessoires
79423757;79440469;accessoires
79423757;79440470;accessoires
79423757;79440471;accessoires
79423757;79440472;accessoires
79423757;79425322;accessoires_oem
79423757;79425323;accessoires_oem
79423757;79425324;accessoires_oem
79423757;79425325;accessoires_oem
79423757;79425326;accessoires_oem
79423757;79425327;accessoires_oem
79423757;79425328;accessoires_oem
79423757;79425329;accessoires_oem
79429295;79429226;accessoires
79429295;79429227;accessoires
79429295;79429228;accessoires
79429295;79434138;accessoires
79429295;79434144;accessoires
79429295;79438312;accessoires
79429295;79441118;accessoires
79429295;300049020;accessoires
79429295;400003283;accessoires
79429295;400003311;accessoires
79429295;400008797;accessoires
79429295;405117613;accessoires
79429295;405146035;accessoires
79429295;79429226;accessoires_oem
79429296;1041256;accessoires
79429296;79350520;accessoires
79429296;79390500;accessoires
79429296;79430366;accessoires
79429296;79430367;accessoires
79429296;79430368;accessoires
79429296;79430369;accessoires
79429296;79430370;accessoires
79429296;79430371;accessoires
79429296;79430372;accessoires
79429296;79430373;accessoires
79429296;79445224;accessoires
79429296;400004685;accessoires
79429296;400004686;accessoires
79429296;400004687;accessoires
79429296;400004688;accessoires
79429296;400004689;accessoires
79429296;400004702;accessoires
79429296;400006891;accessoires
79429296;400006892;accessoires
79429296;400006893;accessoires
79429296;400006894;accessoires
79429296;405131145;accessoires
79429296;405131146;accessoires
79429296;405131147;accessoires
79429296;405131148;accessoires
79429296;405171732;accessoires
79429296;1041256;accessoires_oem
79429296;79350520;accessoires_oem
79429296;79390500;accessoires_oem
79429296;79430366;accessoires_oem
79429296;79430367;accessoires_oem
79429296;79430368;accessoires_oem
79429296;79430369;accessoires_oem
79429296;79430370;accessoires_oem
79429296;79430371;accessoires_oem
79429296;79430372;accessoires_oem
79429296;79430373;accessoires_oem
79429296;79445224;accessoires_oem
79429296;400004702;accessoires_oem
79429297;79430366;accessoires
79429297;79430367;accessoires
79429297;79430368;accessoires
79429297;79430369;accessoires
79429297;79430370;accessoires
79429297;79430371;accessoires
79429297;79430372;accessoires
79429297;79430373;accessoires
79429297;79445224;accessoires
79429297;400004685;accessoires
79429297;400004686;accessoires
79429297;400004687;accessoires
79429297;400004688;accessoires
79429297;400006891;accessoires
79429297;400006892;accessoires
79429297;400006893;accessoires
79429297;400006894;accessoires
79429297;405131145;accessoires
79429297;405131146;accessoires
79429297;405131147;accessoires
79429297;405131148;accessoires
79429297;405171732;accessoires
79429297;79430366;accessoires_oem
79429297;79430367;accessoires_oem
79429297;79430368;accessoires_oem
79429297;79430369;accessoires_oem
79429297;79430370;accessoires_oem
79429297;79430371;accessoires_oem
79429297;79430372;accessoires_oem
79429297;79430373;accessoires_oem
79429297;79445224;accessoires_oem
79429499;79390513;association_marque_compatible
79429502;79151348;association_marque_compatible
79424040;79394011;accessoires
79424040;79409597;accessoires
79424040;79424018;accessoires
79424040;79424019;accessoires
79424040;79424020;accessoires
79424040;79424021;accessoires
79424040;79424022;accessoires
79424040;79424023;accessoires
79424040;79424024;accessoires
79424040;79424025;accessoires
79424040;79424026;accessoires
79424040;79424027;accessoires
79424040;79424028;accessoires
79424040;79424029;accessoires
79424040;79424034;accessoires
79424040;79424042;accessoires
79424040;79424043;accessoires
79424040;79424044;accessoires
79424040;79424045;accessoires
79424040;79424153;accessoires
79424040;79424154;accessoires
79424040;79424155;accessoires
79424040;79424156;accessoires
79424040;79430630;accessoires
79424040;79430631;accessoires
79424040;79430632;accessoires
79424040;79430633;accessoires
79424040;79434154;accessoires
79424040;79434155;accessoires
79424040;79434156;accessoires
79424040;79434157;accessoires
79424040;79441105;accessoires
79424040;79441106;accessoires
79424040;79441107;accessoires
79424040;79441108;accessoires
79424040;79441109;accessoires
79424040;79441110;accessoires
79424040;79441111;accessoires
79424040;79441112;accessoires
79424040;79441113;accessoires
79424040;79441114;accessoires
79424040;79441115;accessoires
79424040;79441116;accessoires
79424040;405160931;accessoires
79424040;405160932;accessoires
79424040;405160933;accessoires
79424040;405161005;accessoires
79424040;79394011;accessoires_oem
79424040;79409597;accessoires_oem
79424040;79424018;accessoires_oem
79424040;79424019;accessoires_oem
79424040;79424020;accessoires_oem
79424040;79424021;accessoires_oem
79424040;79424022;accessoires_oem
79424040;79424023;accessoires_oem
79424040;79424024;accessoires_oem
79424040;79424025;accessoires_oem
79424040;79424026;accessoires_oem
79424040;79424027;accessoires_oem
79424040;79424028;accessoires_oem
79424040;79424029;accessoires_oem
79424040;79424034;accessoires_oem
79424040;79424042;accessoires_oem
79424040;79424043;accessoires_oem
79424040;79424044;accessoires_oem
79424040;79424045;accessoires_oem
79424040;79424153;accessoires_oem
79424040;79424154;accessoires_oem
79424040;79424155;accessoires_oem
79424040;79424156;accessoires_oem
79424041;79394011;accessoires
79424041;79409597;accessoires
79424041;79424030;accessoires
79424041;79424031;accessoires
79424041;79424032;accessoires
79424041;79424033;accessoires
79424041;79424034;accessoires
79424041;79424042;accessoires
79424041;79424043;accessoires
79424041;79424044;accessoires
79424041;79424045;accessoires
79424041;400003230;accessoires
79424041;79394011;accessoires_oem
79424041;79409597;accessoires_oem
79424041;79424030;accessoires_oem
79424041;79424031;accessoires_oem
79424041;79424032;accessoires_oem
79424041;79424033;accessoires_oem
79424041;79424034;accessoires_oem
79424041;79424042;accessoires_oem
79424041;79424043;accessoires_oem
79424041;79424044;accessoires_oem
79424041;79424045;accessoires_oem
79363674;221;accessoires_oem
79363674;2116;accessoires_oem
79363674;9121;accessoires_oem
79363674;9621;accessoires_oem
79363674;12431;accessoires_oem
79363674;22251;accessoires_oem
79363674;24118;accessoires_oem
79363674;79360914;accessoires_oem
79363674;79360915;accessoires_oem
79363674;79360916;accessoires_oem
79363674;79360917;accessoires_oem
79363674;79360918;accessoires_oem
79363674;79360919;accessoires_oem
79363674;79360920;accessoires_oem
79363674;79360921;accessoires_oem
79363674;79360922;accessoires_oem
79363674;79360923;accessoires_oem
79363674;79360924;accessoires_oem
79363674;79360925;accessoires_oem
79363674;79360926;accessoires_oem
79363674;79360927;accessoires_oem
79363674;79360928;accessoires_oem
79363674;79360929;accessoires_oem
79363674;79360930;accessoires_oem
79363674;79360931;accessoires_oem
79363674;79360932;accessoires_oem
79363674;79360933;accessoires_oem
79363674;79360934;accessoires_oem
79363674;79360935;accessoires_oem
79363674;79360936;accessoires_oem
79363674;79360937;accessoires_oem
79363674;79360938;accessoires_oem
79363674;79360939;accessoires_oem
79363674;79361032;accessoires_oem
79363674;79362068;accessoires_oem
79363674;79362069;accessoires_oem
79363674;79363105;accessoires_oem
79363674;79363675;accessoires_oem
79363674;79363676;accessoires_oem
79363674;79388320;accessoires_oem
79363674;79388322;accessoires_oem
79363674;79388323;accessoires_oem
79363674;79388324;accessoires_oem
79363674;79388325;accessoires_oem
79361967;56578;association_marque_compatible
79361970;2036625;association_marque_compatible
79361971;191256;association_marque_compatible
79428100;79428101;accessoires
79428100;79428102;accessoires
79428100;79428103;accessoires
79428100;79428104;accessoires
79428100;405130916;accessoires
79428100;405130917;accessoires
79428100;405130918;accessoires
79428100;79428101;accessoires_oem
79428100;79428102;accessoires_oem
79428100;79428103;accessoires_oem
79428100;79428104;accessoires_oem
79361978;108766;association_marque_compatible
79361979;108767;association_marque_compatible
79422619;79429510;association_marque_compatible
79422619;79430425;association_marque_compatible
79422619;79443359;association_marque_compatible
79422621;79430428;association_marque_compatible
79422621;79443362;association_marque_compatible
79380191;79381732;association_marque_compatible
79380191;79388993;association_marque_compatible
79380191;79443342;association_marque_compatible
36899;79359287;association_marque_compatible
36899;79434284;association_marque_compatible
36900;79359288;association_marque_compatible
36900;79434285;association_marque_compatible
79361994;77032640;association_marque_compatible
79380210;79443344;association_marque_compatible
79380210;405112779;association_marque_compatible
79380210;405113326;association_marque_compatible
79130654;79359279;association_marque_compatible
79130654;79372624;association_marque_compatible
79130654;79434261;association_marque_compatible
79130655;79359280;association_marque_compatible
79130655;79372625;association_marque_compatible
79130655;400003087;association_marque_compatible
8102;79139090;accessoires
8102;35875;accessoires_oem
8102;35892;accessoires_oem
8103;79139090;accessoires
8103;35875;accessoires_oem
8103;35891;accessoires_oem
8103;35892;accessoires_oem
8103;191074;accessoires_oem
8106;79139090;accessoires
8106;35875;accessoires_oem
8106;35891;accessoires_oem
8106;35892;accessoires_oem
8106;191074;accessoires_oem
79143857;405139308;accessoires
79143857;405139308;accessoires_oem
79143859;79143842;accessoires
79143859;79143843;accessoires
79143859;79143844;accessoires
79143859;79143847;accessoires
79143859;79143842;accessoires_oem
79143859;79143843;accessoires_oem
79143859;79143844;accessoires_oem
79143859;79143847;accessoires_oem
79143860;79143842;accessoires
79143860;79143843;accessoires
79143860;79143844;accessoires
79143860;79143847;accessoires
79143860;79143842;accessoires_oem
79143860;79143843;accessoires_oem
79143860;79143844;accessoires_oem
79143860;79143847;accessoires_oem
79380603;79380582;accessoires_oem
79380603;79380583;accessoires_oem
79380603;79380584;accessoires_oem
79380603;79380585;accessoires_oem
79380603;79380586;accessoires_oem
79380603;79380598;accessoires_oem
79380603;79380599;accessoires_oem
79380603;79380600;accessoires_oem
79380603;79380601;accessoires_oem
79380603;79380602;accessoires_oem
79380604;79380576;accessoires_oem
79380604;79380587;accessoires_oem
79380604;79380594;accessoires_oem
79380604;79380595;accessoires_oem
79380604;79380596;accessoires_oem
79380604;79380597;accessoires_oem
79380604;79428917;accessoires_oem
79380608;79395490;accessoires
79380608;79395491;accessoires
79380608;79410622;accessoires
79380608;79410623;accessoires
79380608;79410624;accessoires
79380608;79410625;accessoires
79380608;79431609;accessoires
79380608;79431611;accessoires
79380608;79384796;accessoires_oem
79380609;79410802;accessoires
79380609;79412619;accessoires
79380609;79418867;accessoires
79380610;79410802;accessoires
79380610;79412619;accessoires
79386122;79401821;accessoires
79386122;79401822;accessoires
79386122;79401823;accessoires
79386122;79401824;accessoires
79386122;79410529;accessoires
79386122;79410530;accessoires
79386122;79410531;accessoires
79386122;79410532;accessoires
79386122;79418975;accessoires
79386122;79386123;accessoires_oem
79386122;79386124;accessoires_oem
79386122;79386125;accessoires_oem
79386123;79418975;association_marque_compatible
79386123;79437078;association_marque_compatible
79386126;79395576;accessoires
79386126;79410878;accessoires
79386126;79433051;accessoires
79386126;79386128;accessoires_oem
79386126;79386129;accessoires_oem
79386127;79395576;accessoires
79386127;79410878;accessoires
79386127;79433051;accessoires
79386127;79386128;accessoires_oem
79386127;79386129;accessoires_oem
79383384;79390022;association_marque_compatible
79383384;79395464;association_marque_compatible
79383385;79390023;association_marque_compatible
79383385;79395465;association_marque_compatible
118719;79372670;association_marque_compatible
118719;79444894;association_marque_compatible
79382977;79407794;accessoires
79382977;400008118;accessoires
79382984;79382988;accessoires_oem
79382984;79390509;accessoires_oem
79382984;79399606;accessoires_oem
79382984;79400875;accessoires_oem
79382985;79382988;accessoires_oem
79382985;79390509;accessoires_oem
79382985;79399606;accessoires_oem
79382985;79400875;accessoires_oem
79388991;79380188;association_marque_compatible
79388992;79380190;association_marque_compatible
79388993;79380191;association_marque_compatible
79384794;79410624;association_marque_compatible
79384794;400007899;association_marque_compatible
79384794;405112586;association_marque_compatible
79384795;79410625;association_marque_compatible
79384795;400007900;association_marque_compatible
79384795;405112587;association_marque_compatible
79419670;79422837;accessoires_oem
79431072;79431722;accessoires
79431072;79431723;accessoires
79431072;79431722;accessoires_oem
79431072;79431723;accessoires_oem
79398559;79349213;association_marque_compatible
79422855;79422837;accessoires_oem
79422859;79422837;accessoires_oem
79422862;79422831;accessoires
79422862;79422937;accessoires
79422862;405143768;accessoires
79422862;79422831;accessoires_oem
79422862;79422837;accessoires_oem
79422862;79422937;accessoires_oem
79422862;405143768;accessoires_oem
79399529;79149326;association_marque_compatible
79423756;79425330;accessoires
79423756;79425331;accessoires
79423756;79425332;accessoires
79423756;79425333;accessoires
79423756;79425334;accessoires
79423756;79425335;accessoires
79423756;79425336;accessoires
79423756;79425337;accessoires
79423756;79430405;accessoires
79423756;79430406;accessoires
79423756;79430407;accessoires
79423756;79431875;accessoires
79423756;79437593;accessoires
79423756;79437594;accessoires
79423756;79437597;accessoires
79423756;79437598;accessoires
79423756;79437601;accessoires
79423756;79437602;accessoires
79423756;79437605;accessoires
79423756;79437606;accessoires
79423756;79440473;accessoires
79423756;79440474;accessoires
79423756;79440475;accessoires
79423756;79440476;accessoires
79423756;400007947;accessoires
79423756;400007948;accessoires
79423756;400007949;accessoires
79423756;400007950;accessoires
79423756;79425330;accessoires_oem
79423756;79425331;accessoires_oem
79423756;79425332;accessoires_oem
79423756;79425333;accessoires_oem
79423756;79425334;accessoires_oem
79423756;79425335;accessoires_oem
79423756;79425336;accessoires_oem
79423756;79425337;accessoires_oem
79423758;79437592;accessoires
79423758;79437596;accessoires
79423758;79437600;accessoires
79423758;79437604;accessoires
79423758;79440469;accessoires
79423758;79440470;accessoires
79423758;79440471;accessoires
79423758;79440472;accessoires
79423758;79425322;accessoires_oem
79423758;79425323;accessoires_oem
79423758;79425324;accessoires_oem
79423758;79425325;accessoires_oem
79423758;79425326;accessoires_oem
79423758;79425327;accessoires_oem
79423758;79425328;accessoires_oem
79423758;79425329;accessoires_oem
79423759;79425330;accessoires
79423759;79425331;accessoires
79423759;79425332;accessoires
79423759;79425333;accessoires
79423759;79425334;accessoires
79423759;79425335;accessoires
79423759;79425336;accessoires
79423759;79425337;accessoires
79423759;79430405;accessoires
79423759;79430406;accessoires
79423759;79430407;accessoires
79423759;79431875;accessoires
79423759;79437593;accessoires
79423759;79437594;accessoires
79423759;79437597;accessoires
79423759;79437598;accessoires
79423759;79437601;accessoires
79423759;79437602;accessoires
79423759;79437605;accessoires
79423759;79437606;accessoires
79423759;79440473;accessoires
79423759;79440474;accessoires
79423759;79440475;accessoires
79423759;79440476;accessoires
79423759;400007947;accessoires
79423759;400007948;accessoires
79423759;400007949;accessoires
79423759;400007950;accessoires
79423759;79425330;accessoires_oem
79423759;79425331;accessoires_oem
79423759;79425332;accessoires_oem
79423759;79425333;accessoires_oem
79423759;79425334;accessoires_oem
79423759;79425335;accessoires_oem
79423759;79425336;accessoires_oem
79423759;79425337;accessoires_oem
79428514;35060;accessoires_oem
79428514;79411941;accessoires_oem
79428514;79411942;accessoires_oem
79428514;79411943;accessoires_oem
79428514;79411944;accessoires_oem
79428514;79437192;accessoires_oem
79396212;405112762;association_marque_compatible
79402992;79416832;association_marque_compatible
79402992;79417361;association_marque_compatible
79402992;79437607;association_marque_compatible
79402993;79416833;association_marque_compatible
79402993;79417362;association_marque_compatible
79402993;79437608;association_marque_compatible
79386281;79395462;association_marque_compatible
79386281;79397337;association_marque_compatible
79386281;79433129;association_marque_compatible
79386281;79434202;association_marque_compatible
79393969;79418924;association_marque_compatible
